rank,city,region,postal_code,population
1,New York,NY,11229,19268388
2,Los Angeles,CA,91367,11984083
3,Chicago,IL,60018,8609571
4,Miami,FL,33128,6391670
5,Houston,TX,77069,6227666
6,Dallas,TX,75098,5968322
7,Philadelphia,PA,19154,5782653
8,Atlanta,GA,30334,5298788
9,Washington,DC,20250,5230370
10,Boston,MA,02120,4453352
11,Phoenix,AZ,85009,4121103
12,Detroit,MI,48209,3773725
13,Seattle,WA,98109,3642006
14,San Francisco,CA,94130,3417736
15,San Diego,CA,92182,3064435
16,Tampa,FL,33637,2957531
17,Minneapolis,MN,55404,2937866
18,Brooklyn,NY,11229,2736074
19,Denver,CO,80264,2714768
20,Queens,NY,11385,2405464
21,Riverside,CA,92508,2333040
22,Las Vegas,NV,89146,2299189
23,Baltimore,MD,21218,2201673
24,St. Louis,MO,63110,2129918
25,Portland,OR,97227,2115140
26,San Antonio,TX,78112,2096390
27,Sacramento,CA,95821,1975489
28,Orlando,FL,32829,1948155
29,Austin,TX,78749,1940039
30,San Jose,CA,95119,1827643
31,San Juan,PR,00918,1813477
32,Indianapolis,IN,46234,1767321
33,Pittsburgh,PA,15282,1729616
34,Cincinnati,OH,45267,1726642
35,Kansas City,MO,64161,1714910
36,Cleveland,OH,44135,1695555
37,Manhattan,NY,10169,1694263
38,Columbus,OH,43109,1635039
39,Charlotte,NC,28269,1488249
40,Bronx,NY,10452,1472654
41,Virginia Beach,VA,23459,1441893
42,Jacksonville,FL,32224,1335714
43,Providence,RI,02903,1292041
44,Milwaukee,WI,53203,1291752
45,Nashville,TN,37027,1201962
46,Salt Lake City,UT,84116,1183003
47,Raleigh,NC,27617,1179118
48,Richmond,VA,23222,1098457
49,Memphis,TN,38120,1037125
50,Oklahoma City,OK,73099,1017828
51,Hartford,CT,06106,990793
52,Louisville,KY,40245,988018
53,Fort Worth,TX,76164,963194
54,Bridgeport,CT,06605,945974
55,Buffalo,NY,14208,934832
56,New Orleans,LA,70139,928503
57,Tucson,AZ,85705,890860
58,El Paso,TX,79901,866309
59,Omaha,NE,68112,836740
60,McAllen,TX,78573,820752
61,Birmingham,AL,35218,773997
62,Albuquerque,NM,87123,765360
63,Tulsa,OK,74137,747529
64,Charleston,SC,29414,734681
65,Fresno,CA,93740,732197
66,Rochester,NY,14608,697898
67,Cape Coral,FL,33990,675797
68,Dayton,OH,45432,672634
69,Baton Rouge,LA,70836,654357
70,Mission Viejo,CA,92692,647990
71,Allentown,PA,18104,644758
72,Colorado Springs,CO,80951,643336
73,Provo,UT,84606,641732
74,Ogden,UT,84404,630643
75,Knoxville,TN,37909,627090
76,Grand Rapids,MI,49546,622168
77,Columbia,SC,29203,610536
78,Albany,NY,12208,607238
79,Des Moines,IA,50309,570091
80,New Haven,CT,06519,567250
81,Bakersfield,CA,93306,566351
82,Palm Bay,FL,32909,553332
83,Akron,OH,44306,537241
84,Concord,CA,94518,531305
85,Wichita,KS,67230,519036
86,Mesa,AZ,85208,511764
87,Harrisburg,PA,17101,510827
88,Worcester,MA,01608,496386
89,Staten Island,NY,10303,495747
90,Toledo,OH,43615,494010
91,Port St. Lucie,FL,34986,493825
92,Madison,WI,53706,470689
93,Kissimmee,FL,34743,470667
94,Reno,NV,89521,466706
95,Little Rock,AR,72211,466334
96,Denton,TX,76207,464461
97,Spokane,WA,99201,462286
98,Long Beach,CA,90822,455548
99,Bonita Springs,FL,33931,452793
100,Boise,ID,83703,448305
101,Winston-Salem,NC,27110,443598
102,Oakland,CA,94621,439418
103,Augusta,GA,30912,439238
104,Springfield,MA,01151,439199
105,Durham,NC,27703,420564
106,Pensacola,FL,32503,418489
107,Chattanooga,TN,37415,415927
108,Stockton,CA,95219,410053
109,Fayetteville,AR,72704,408133
110,Lancaster,PA,17603,407719
111,Greenville,SC,29614,402612
112,Syracuse,NY,13210,402509
113,Arlington,TX,76011,397742
114,Aurora,CO,80247,394432
115,Trenton,NJ,08638,375343
116,Oxnard,CA,93035,369935
117,Huntsville,AL,35801,368074
118,Indio,CA,92241,366757
119,Scranton,PA,18504,366238
120,Victorville,CA,92394,362549
121,Modesto,CA,95358,359115
122,Myrtle Beach,SC,29572,348669
123,Honolulu,HI,96859,345482
124,Anaheim,CA,92808,344521
125,Greensboro,NC,27411,342060
126,Corpus Christi,TX,78373,341912
127,Fort Wayne,IN,46835,339694
128,Fort Collins,CO,80528,336364
129,Antioch,CA,94531,335183
130,Jackson,MS,39272,333212
131,Henderson,NV,89044,332141
132,Lansing,MI,48912,328527
133,Fayetteville,NC,28390,325349
134,Savannah,GA,31302,324227
135,Lexington,KY,40526,323725
136,Ann Arbor,MI,48103,318688
137,Poughkeepsie,NY,12601,318383
138,Mobile,AL,36652,316714
139,Youngstown,OH,44502,313898
140,Santa Ana,CA,92707,312534
141,Irvine,CA,92617,311690
142,Newark,NJ,07103,310178
143,St. Paul,MN,55114,307284
144,Winter Haven,FL,33881,300369
145,Springfield,MO,65810,300073
146,Concord,NC,28025,299345
147,Lincoln,NE,68528,298056
148,Flint,MI,48502,295285
149,Asheville,NC,28806,295184
150,Jersey City,NJ,07310,294078
151,Santa Rosa,CA,95409,292251
152,Plano,TX,75093,290594
153,Lakeland,FL,33813,290540
154,Anchorage,AK,99518,288976
155,Canton,OH,44714,287351
156,Wilmington,NC,28409,285611
157,Lubbock,TX,79406,283565
158,Reading,PA,19601,283546
159,Davenport,IA,52802,281044
160,Gilbert,AZ,85233,280262
161,Chandler,AZ,85248,280136
162,South Bend,IN,46616,279977
163,North Las Vegas,NV,89032,278595
164,Chula Vista,CA,91911,276375
165,Shreveport,LA,71129,276074
166,Eugene,OR,97405,272404
167,Rockford,IL,61101,271411
168,Santa Clarita,CA,91351,270147
169,Salem,OR,97302,268719
170,Round Lake Beach,IL,60073,264501
171,Killeen,TX,76541,264379
172,St. Petersburg,FL,33707,262732
173,Tallahassee,FL,32310,260687
174,Kennewick,WA,99337,259487
175,Laredo,TX,78046,257619
176,Columbus,GA,31820,256672
177,Irving,TX,75063,256492
178,Peoria,IL,61625,255063
179,Montgomery,AL,36112,254752
180,Glendale,AZ,85301,252833
181,Chesapeake,VA,23325,252583
182,Garland,TX,75043,246844
183,Gulfport,MS,39501,244766
184,York,PA,17404,244270
185,Scottsdale,AZ,85259,243821
186,Lafayette,LA,70508,242063
187,Nashua,NH,03062,240705
188,Enterprise,NV,89178,240464
189,Rock Hill,SC,29732,240159
190,Arlington,VA,22209,236254
191,Norfolk,VA,23509,233596
192,Fargo,ND,58102,231541
193,Appleton,WI,54914,230473
194,Fremont,CA,94560,228295
195,Clarksville,TN,42223,227059
196,Hialeah,FL,33014,226165
197,Aguadilla,PR,00603,225238
198,Bremerton,WA,98312,224760
199,Deltona,FL,32725,223506
200,Brownsville,TX,78521,223205
201,Tacoma,WA,98422,222758
202,San Bernardino,CA,92404,222724
203,Green Bay,WI,54304,222170
204,College Station,TX,77843,219936
205,Frisco,TX,75034,219304
206,Spring Valley,NV,89147,219187
207,Spartanburg,SC,29302,218799
208,Roanoke,VA,24019,218060
209,Olympia,WA,98502,217647
210,Gainesville,FL,32608,216479
211,Kalamazoo,MI,49001,215288
212,Fontana,CA,92335,214169
213,Hickory,NC,28601,213375
214,Moreno Valley,CA,92551,211666
215,Portland,ME,04101,210907
216,McKinney,TX,75069,210600
217,Yonkers,NY,10708,209978
218,Ocala,FL,34475,208245
219,Sioux Falls,SD,57108,207648
220,Thousand Oaks,CA,91320,207637
221,Amarillo,TX,79121,205856
222,Hagerstown,MD,21742,204653
223,Evansville,IN,47714,204607
224,Waterbury,CT,06708,202514
225,Santa Barbara,CA,93105,202039
226,Lorain,OH,44052,201994
227,Nampa,ID,83651,201956
228,Grand Prairie,TX,75052,201883
229,Overland Park,KS,66214,200306
230,Sunrise Manor,NV,89104,200218
231,Galveston,TX,77551,199112
232,Peoria,AZ,85373,196906
233,Cedar Rapids,IA,52404,195323
234,Vancouver,WA,98684,195300
235,Huntington Beach,CA,92648,195240
236,Frederick,MD,21705,195161
237,Murfreesboro,TN,37132,194551
238,Waco,TX,76798,193768
239,Huntington,WV,25703,192569
240,Glendale,CA,91210,190748
241,Mauldin,SC,29662,189546
242,Tempe,AZ,85281,188065
243,Fredericksburg,VA,22401,187349
244,Paradise,NV,89103,185913
245,Fort Lauderdale,FL,33301,185604
246,Hemet,CA,92545,185006
247,Erie,PA,16546,184712
248,Gainesville,GA,30501,184237
249,Newport News,VA,23601,184216
250,Gastonia,NC,28054,181152
251,Spring Hill,FL,34608,181097
252,Ontario,CA,91762,180547
253,Aurora,IL,60505,179898
254,Cary,NC,27560,179306
255,Elk Grove,CA,95624,179155
256,Panama City,FL,32401,177998
257,Rancho Cucamonga,CA,91730,175411
258,High Point,NC,27265,175377
259,Danbury,CT,06810,174548
260,Salinas,CA,93901,173715
261,Pembroke Pines,FL,33029,173194
262,Vallejo,CA,94592,172800
263,Oceanside,CA,92058,172242
264,Leesburg,FL,34748,171283
265,Garden Grove,CA,92843,170964
266,Muskegon,MI,49442,170561
267,Medford,OR,97504,170502
268,Tuscaloosa,AL,35475,170416
269,Lancaster,CA,93535,169169
270,Visalia,CA,93277,167944
271,Manchester,NH,03109,167888
272,Norwich,CT,06380,166930
273,Bayamón,PR,00959,166923
274,Marysville,WA,98271,166250
275,Lafayette,IN,47909,165110
276,Palmdale,CA,93591,164634
277,Santa Cruz,CA,95065,163368
278,Odessa,TX,79762,160628
279,New Bedford,MA,02740,160431
280,Merced,CA,95348,159942
281,Corona,CA,92882,159670
282,Hayward,CA,94541,158801
283,Paterson,NJ,07522,158735
284,Binghamton,NY,13904,157696
285,Springfield,IL,62711,157178
286,Alexandria,VA,22302,156976
287,Lakewood,CO,80232,156583
288,Macon,GA,31210,156578
289,Roseville,CA,95661,155955
290,Kansas City,KS,66101,155135
291,Hollywood,FL,33024,155082
292,Surprise,AZ,85361,154948
293,Sunnyvale,CA,94085,154236
294,Champaign,IL,61822,153687
295,Lake Charles,LA,70605,153662
296,Burlington,NC,27217,152375
297,Bellevue,WA,98004,151847
298,Fairfield,CA,94533,151672
299,Naperville,IL,60540,150692
300,Joliet,IL,60421,150445
301,Elkhart,IN,46514,149701
302,Escondido,CA,92029,149668
303,Pasadena,TX,77058,149433
304,Mesquite,TX,75149,149299
305,Midland,TX,79701,148848
306,Columbia,MO,65202,148781
307,Warner Robins,GA,31088,148466
308,St. George,UT,84770,148405
309,Pomona,CA,91768,147943
310,Topeka,KS,66621,147144
311,Beaumont,TX,77708,146974
312,South Lyon,MI,48178,146383
313,Yuma,AZ,85365,145839
314,Olathe,KS,66062,145057
315,Santa Maria,CA,93454,144941
316,Thornton,CO,80260,144187
317,Athens,GA,30602,143681
318,Torrance,CA,90277,142130
319,Fullerton,CA,92835,140968
320,Grand Junction,CO,81503,140777
321,Greeley,CO,80631,139842
322,Metairie,LA,70002,139729
323,Las Cruces,NM,88012,139530
324,Houma,LA,70363,139352
325,Carolina,PR,00979,138633
326,Miramar,FL,33029,138600
327,West Valley City,UT,84119,138437
328,Orange,CA,92868,138266
329,Warren,MI,48092,137928
330,Charleston,WV,25387,137865
331,Hampton,VA,23665,137557
332,Elizabeth,NJ,07208,137302
333,Stamford,CT,06906,137144
334,Pasadena,CA,91103,136969
335,Racine,WI,53405,136637
336,Yakima,WA,98901,136518
337,Coral Springs,FL,33071,136103
338,Kent,WA,98031,135603
339,Bellingham,WA,98225,135591
340,Bloomington,IL,61701,135296
341,Tyler,TX,75709,134739
342,Carrollton,TX,75007,133740
343,Sterling Heights,MI,48310,133573
344,Iowa City,IA,52245,133565
345,Lehigh Acres,FL,33936,132353
346,Johnson City,TN,37614,131898
347,Coeur d'Alene,ID,83815,131592
348,Dover,DE,19902,131461
349,Lewisville,TX,75067,131080
350,Santa Clara,CA,95054,130256
351,Meridian,ID,83646,130138
352,Temple,TX,76501,129969
353,Norman,OK,73019,129672
354,Kailua,HI,96734,129469
355,Billings,MT,59106,129267
356,Arecibo,PR,00612,128203
357,Abilene,TX,79607,128053
358,Round Rock,TX,78681,127786
359,Greenville,NC,27834,127632
360,Pearland,TX,77047,127514
361,Simi Valley,CA,93063,127125
362,Kenosha,WI,53144,126951
363,Lynchburg,VA,24515,126860
364,Waldorf,MD,20601,126400
365,Clovis,CA,93611,124725
366,Yuba City,CA,95991,124653
367,Seaside,CA,93955,124566
368,Logan,UT,84321,124449
369,Fort Smith,AR,72908,124220
370,Rochester,MN,55902,122867
371,Burlington,VT,05405,122833
372,Arvada,CO,80005,122634
373,Mandeville,LA,70448,122591
374,West Palm Beach,FL,33411,122290
375,Pueblo,CO,81004,121976
376,Independence,MO,64054,121740
377,Monroe,LA,71212,121132
378,The Woodlands,TX,77381,121002
379,Boulder,CO,80310,120289
380,Berkeley,CA,94708,120257
381,North Charleston,SC,29420,119913
382,Brandon,FL,33510,119767
383,Waterloo,IA,50707,119632
384,Duluth,MN,55803,119372
385,Cambridge,MA,02142,118796
386,Richardson,TX,75081,118731
387,Lowell,MA,01851,118368
388,Broken Arrow,OK,74014,118180
389,Utica,NY,13501,117943
390,Redding,CA,96002,117275
391,Clearwater,FL,33759,117247
392,St. Cloud,MN,56304,116999
393,Harlingen,TX,78550,116926
394,Gilroy,CA,95020,116882
395,West Jordan,UT,84088,116692
396,League City,TX,77573,116215
397,Port Arthur,TX,77655,116142
398,Richmond,CA,94530,115505
399,Westminster,CO,80030,115484
400,Elgin,IL,60120,114934
401,Carlsbad,CA,92008,114373
402,Pompano Beach,FL,33060,114147
403,Riverview,FL,33579,113697
404,Miami Gardens,FL,33014,113177
405,Bend,OR,97702,113075
406,Sioux City,IA,51106,112803
407,Gresham,OR,97030,112378
408,Murrieta,CA,92563,112064
409,Saginaw,MI,48602,112042
410,Everett,WA,98207,111845
411,East Los Angeles,CA,90063,111647
412,Jacksonville,NC,28546,111529
413,Ponce,PR,00728,111224
414,Temecula,CA,92590,111167
415,Idaho Falls,ID,83401,111137
416,Downey,CA,90242,110939
417,South Fulton,GA,30336,110471
418,Costa Mesa,CA,92626,110330
419,Menifee,CA,92587,110305
420,Allen,TX,75002,110265
421,Sparks,NV,89436,110024
422,Leominster,MA,01453,110022
423,Sugar Land,TX,77498,110016
424,Eau Claire,WI,54703,109971
425,San Buenaventura,CA,93004,109857
426,San Tan Valley,AZ,85143,109189
427,Auburn,AL,36849,108605
428,Rio Rancho,NM,87121,108515
429,Davie,FL,33324,108346
430,Chico,CA,95973,108267
431,Hillsboro,OR,97006,108231
432,Centennial,CO,80122,108201
433,Bloomington,IN,47405,107655
434,Goodyear,AZ,85139,107645
435,Dearborn,MI,48128,107423
436,Holland,MI,49423,107348
437,Sandy Springs,GA,30350,107087
438,West Covina,CA,91792,107037
439,Jurupa Valley,CA,92509,107011
440,Bowling Green,KY,42104,106928
441,Longview,TX,75602,106896
442,Spokane Valley,WA,99206,106365
443,El Monte,CA,91731,106109
444,Brockton,MA,02301,105386
445,Renton,WA,98059,105317
446,Buckeye,AZ,85326,104923
447,New Braunfels,TX,78132,104643
448,Inglewood,CA,90305,104569
449,Edinburg,TX,78539,104550
450,Burbank,CA,91506,104546
451,El Cajon,CA,92020,104449
452,Columbia,MD,21044,104338
453,Rialto,CA,92316,104143
454,Portsmouth,NH,03801,104019
455,Lee's Summit,MO,64086,103656
456,Kingsport,TN,37665,103542
457,Charlottesville,VA,22908,103155
458,San Mateo,CA,94404,103105
459,Vacaville,CA,95687,102596
460,Wichita Falls,TX,76309,102581
461,Longmont,CO,80501,102512
462,Conroe,TX,77384,102360
463,Fishers,IN,46038,102337
464,Highlands Ranch,CO,80129,102257
465,Quincy,MA,02169,102114
466,Daly City,CA,94015,101964
467,Lynn,MA,01905,101709
468,Carmel,IN,46290,101651
469,Hesperia,CA,92345,100775
470,Bismarck,ND,58505,100537
471,Santa Fe,NM,87505,100264
472,Boca Raton,FL,33496,100234
473,Norwalk,CA,90650,99789
474,San Angelo,TX,76905,99674
475,Lafayette,CO,80026,99552
476,Federal Way,WA,98023,99493
477,Atascocita,TX,77346,99354
478,Vista,CA,92084,99114
479,Prescott Valley,AZ,86327,98921
480,Suffolk,VA,23433,98796
481,Palm Coast,FL,32164,98258
482,Williamsburg,VA,23185,97985
483,Sunrise,FL,33322,97918
484,Beaverton,OR,97225,97812
485,Middletown,OH,45044,97529
486,Lawrence,KS,66045,97387
487,La Crosse,WI,54603,97218
488,Portsmouth,VA,23709,97190
489,Orem,UT,84097,97182
490,Tracy,CA,95377,96966
491,Edmond,OK,73013,96825
492,Plantation,FL,33322,96293
493,Fort Myers,FL,33913,95051
494,Arden-Arcade,CA,95821,94994
495,San Marcos,CA,92078,94882
496,San Germán,PR,00683,94548
497,Sandy,UT,84092,94291
498,Manteca,CA,95337,94158
499,Fall River,MA,02724,94082
500,Mount Pleasant,SC,29466,93993
501,Livonia,MI,48152,93851
502,O'Fallon,MO,63367,93801
503,Rapid City,SD,57702,92897
504,Carson,CA,90248,92871
505,Compton,CA,90220,92698
506,Chino,CA,91708,92652
507,Hoover,AL,35216,92642
508,Roswell,GA,30075,92621
509,Kirkland,WA,98039,92621
510,Avondale,AZ,85353,92477
511,Alafaya,FL,32825,92449
512,Norwalk,CT,06854,92187
513,South Gate,CA,90280,91483
514,Santa Monica,CA,90401,91169
515,Slidell,LA,70460,90755
516,Florence,SC,29505,90753
517,Germantown,MD,20876,90719
518,Lawton,OK,73503,90595
519,Missoula,MT,59812,90522
520,Mayagüez,PR,00682,90228
521,Westminster,CA,92655,89860
522,Joplin,MO,64804,89808
523,Clifton,NJ,07014,89379
524,Waukegan,IL,60048,89076
525,Newton,MA,02464,89044
526,Lawrence,MA,01843,88736
527,Bloomington,MN,55420,88665
528,St. Augustine,FL,32080,88385
529,Springdale,AR,72764,88160
530,Deerfield Beach,FL,33442,88093
531,Bryan,TX,77808,87939
532,Troy,MI,48098,87898
533,San Leandro,CA,94578,87826
534,Franklin,TN,37069,87133
535,Mission,TX,78574,87038
536,Citrus Heights,CA,95621,86995
537,Melbourne,FL,32934,86576
538,Lake Forest,CA,92610,86281
539,Whittier,CA,90603,86165
540,Winchester,VA,22601,86067
541,Georgetown,TX,78633,85999
542,San Ramon,CA,94582,85993
543,Town 'n' Country,FL,33635,85928
544,Auburn,WA,98001,85676
545,Livermore,CA,94550,85522
546,Muncie,IN,47306,85519
547,Baytown,TX,77520,85205
548,Hawthorne,CA,90304,85191
549,Lehi,UT,84043,85173
550,Wenatchee,WA,98801,85048
551,North Port,FL,34286,84605
552,State College,PA,16802,84463
553,Vineland,NJ,08344,84416
554,Folsom,CA,95630,83916
555,Brooklyn Park,MN,55429,83876
556,Newport Beach,CA,92662,83845
557,Mountain View,CA,94043,83732
558,Westland,MI,48185,83633
559,Farmington Hills,MI,48336,83515
560,The Villages,FL,32163,83498
561,Layton,UT,84041,83286
562,Cranston,RI,02831,83250
563,Warwick,RI,02818,83175
564,Madera,CA,93638,83104
565,Buena Park,CA,90621,82871
566,Homestead,FL,33035,82807
567,Cicero,IL,60804,82797
568,New Rochelle,NY,10801,82769
569,South Jordan,UT,84095,82686
570,Largo,FL,33756,82617
571,Redwood City,CA,94065,82447
572,Newark,OH,43055,82292
573,Napa,CA,94559,82103
574,Miami Beach,FL,33140,82031
575,Johns Creek,GA,30022,81988
576,Rancho Cordova,CA,95742,81849
577,Silver Spring,MD,20910,81462
578,Boynton Beach,FL,33426,81435
579,Elizabethtown,KY,42701,81379
580,Flagstaff,AZ,86011,81235
581,Somerville,MA,02144,81036
582,Alhambra,CA,91803,81022
583,Springfield,OH,45503,80812
584,Albany,GA,31705,80684
585,Anderson,IN,46016,80597
586,Terre Haute,IN,47804,80554
587,Perris,CA,92570,80511
588,Jackson,MI,49201,80503
589,Florence,AL,35632,80501
590,Pharr,TX,78577,80333
591,Alton,IL,62018,80162
592,Anniston,AL,36201,80156
593,Jonesboro,AR,72467,80137
594,Decatur,IL,62522,80124
595,Pine Hills,FL,32808,80105
596,Cheyenne,WY,82009,79986
597,Port Huron,MI,48060,79899
598,Parma,OH,44134,79870
599,Lakewood,CA,90715,79850
600,Hattiesburg,MS,39401,79749
601,Turlock,CA,95380,79611
602,Pasco,WA,99301,79575
603,Kendall,FL,33173,79562
604,Upland,CA,91784,79257
605,Plymouth,MN,55442,79220
606,Doral,FL,33178,79216
607,Castle Rock,CO,80104,79123
608,Valdosta,GA,31698,79120
609,Daytona Beach,FL,32124,78992
610,Tustin,CA,92780,78981
611,Milpitas,CA,95035,78578
612,Loveland,CO,80537,78410
613,Flower Mound,TX,75022,78389
614,Woodbury,MN,55129,78305
615,Cedar Park,TX,78613,78301
616,Bethlehem,PA,18017,77956
617,Chino Hills,CA,91709,77927
618,Wausau,WI,54401,77888
619,Morgantown,WV,26501,77875
620,Davis,CA,95618,77858
621,Mableton,GA,30126,77678
622,Mansfield,TX,76063,77510
623,Wyoming,MI,49509,77353
624,Redmond,WA,98052,77353
625,Alameda,CA,94501,77238
626,Saratoga Springs,NY,12866,77152
627,Rochester Hills,MI,48306,77089
628,Pleasanton,CA,94566,76960
629,Carmichael,CA,95841,76948
630,Camarillo,CA,93012,76945
631,Schaumburg,IL,60193,76868
632,Bellflower,CA,90706,76819
633,Texarkana,TX,75501,76783
634,Hammond,IN,46394,76768
635,Salisbury,MD,21804,76593
636,Missouri City,TX,77545,76558
637,Dothan,AL,36303,76419
638,Alexandria,LA,71302,76381
639,Evanston,IL,60201,76340
640,Broomfield,CO,80023,76304
641,Pittsburg,CA,94565,76257
642,Southfield,MI,48033,76236
643,Wesley Chapel,FL,33543,76011
644,Arlington Heights,IL,60005,76005
645,Pawtucket,RI,02861,75893
646,Apple Valley,CA,92308,75473
647,Sheboygan,WI,53083,75453
648,Oshkosh,WI,54985,75313
649,Ellicott City,MD,21042,75257
650,Mansfield,OH,44905,75233
651,Poinciana,FL,33896,75068
652,Lodi,CA,95240,75044
653,Battle Creek,MI,49015,74983
654,Lauderhill,FL,33351,74896
655,Lebanon,PA,17046,74675
656,Lakeville,MN,55044,74354
657,Dover,NH,03820,74236
658,New Britain,CT,06052,74223
659,Bolingbrook,IL,60440,74096
660,Leander,TX,78641,74067
661,Owensboro,KY,42301,73882
662,Conway,AR,72032,73817
663,Harrisonburg,VA,22801,73815
664,Redlands,CA,92359,73375
665,Noblesville,IN,46060,73362
666,Rocklin,CA,95677,73327
667,St. Joseph,MO,64503,73256
668,Tamarac,FL,33321,73019
669,Rogers,AR,72758,72981
670,Pocatello,ID,83209,72963
671,Caguas,PR,00725,72922
672,Morristown,TN,37813,72890
673,Altoona,PA,16601,72876
674,San Marcos,TX,78666,72811
675,Jackson,TN,38305,72781
676,Ankeny,IA,50023,72615
677,Glen Burnie,MD,21060,72590
678,Bristol,TN,37620,72565
679,Blaine,MN,55014,72488
680,Lake Elsinore,CA,92570,72461
681,Maricopa,AZ,85138,72459
682,Mount Vernon,NY,10552,72427
683,Framingham,MA,01701,72399
684,Michigan City,IN,46360,72294
685,Casas Adobes,AZ,85704,72059
686,Cleveland,TN,37312,72049
687,Janesville,WI,53545,71973
688,Queen Creek,AZ,85142,71867
689,Wilmington,DE,19802,71727
690,Centreville,VA,20120,71706
691,Bayonne,NJ,07002,71553
692,Sumter,SC,29154,71541
693,St. Charles,MO,63301,71508
694,Sherman,TX,75092,71496
695,Camden,NJ,08104,71496
696,Longview,WA,98632,71347
697,Waukesha,WI,53186,71233
698,Maple Grove,MN,55369,71173
699,West Des Moines,IA,50265,71083
700,Dale City,VA,22193,71016
701,Tulare,CA,93274,70945
702,Dublin,CA,94568,70803
703,North Richland Hills,TX,76180,70780
704,Eastvale,CA,92880,70633
705,Apex,NC,27502,70630
706,Guaynabo,PR,00971,70599
707,Hammond,LA,70402,70502
708,Blacksburg,VA,24061,70313
709,Baldwin Park,CA,91706,70138
710,East Orange,NJ,07018,70090
711,Walnut Creek,CA,94597,70088
712,Passaic,NJ,07055,70002
713,Gaithersburg,MD,20878,69825
714,Porterville,CA,93257,69819
715,Dubuque,IA,52002,69698
716,Mount Vernon,WA,98274,69561
717,Bethesda,MD,20892,69397
718,Redondo Beach,CA,90278,69291
719,Corvallis,OR,97333,69209
720,Glens Falls,NY,12801,69209
721,Watsonville,CA,95076,69089
722,Fairbanks,AK,99701,68976
723,Fajardo,PR,00740,68857
724,Schenectady,NY,12305,68847
725,Brunswick,GA,31520,68845
726,Weston,FL,33326,68837
727,Hanford,CA,93230,68594
728,Great Falls,MT,59404,68580
729,Spring,TX,77373,68580
730,Shawnee,KS,66214,68542
731,Ames,IA,50014,68494
732,Grand Forks,ND,58202,68373
733,Gary,IN,46409,68113
734,South Hill,WA,98374,68025
735,Eagan,MN,55121,68000
736,Delray Beach,FL,33445,67979
737,Spring Hill,TN,37174,67964
738,Haverhill,MA,01832,67698
739,Rockville,MD,20850,67671
740,Sebring,FL,33870,67549
741,Union City,CA,94552,67464
742,Horizon West,FL,34787,67416
743,El Paso de Robles,CA,93446,67346
744,Palo Alto,CA,94028,67237
745,Yorba Linda,CA,92886,67170
746,Bay City,MI,48706,67120
747,Alpharetta,GA,30022,66855
748,Novi,MI,48377,66717
749,DeKalb,IL,60115,66570
750,Caldwell,ID,83607,66516
751,Sammamish,WA,98029,66463
752,Union City,NJ,07087,66463
753,Commerce City,CO,80640,66445
754,Lima,OH,45801,66412
755,Juana Díaz,PR,00795,66308
756,Palatine,IL,60074,66293
757,Skokie,IL,60076,66219
758,Port Charlotte,FL,33954,66133
759,Dalton,GA,30721,66117
760,Greenwood,IN,46142,66029
761,Pflugerville,TX,78660,65971
762,Dundalk,MD,21222,65969
763,Malden,MA,02148,65906
764,Victoria,TX,77901,65886
765,Casper,WY,82609,65842
766,Kankakee,IL,60901,65635
767,Albany,OR,97321,65601
768,Rowlett,TX,75089,65463
769,Beaufort,SC,29902,65303
770,Brentwood,CA,94513,65208
771,St. Cloud,FL,34769,65130
772,Castro Valley,CA,94546,65001
773,Kenner,LA,70065,64904
774,Waltham,MA,02453,64902
775,Port Orange,FL,32127,64767
776,Lynwood,CA,90262,64578
777,North Little Rock,AR,72113,64538
778,Bellevue,NE,68147,64510
779,Burnsville,MN,55306,64463
780,Reston,VA,20194,64414
781,South San Francisco,CA,94080,64305
782,Laguna Niguel,CA,92677,64139
783,Huntersville,NC,28078,63969
784,Sanford,FL,32773,63730
785,Millcreek,UT,84117,63648
786,Coon Rapids,MN,55433,63468
787,Hamilton,OH,45011,63468
788,Moore,OK,73160,63420
789,San Clemente,CA,92673,63273
790,Hendersonville,TN,37075,63091
791,Eden Prairie,MN,55344,63051
792,Lakewood,WA,98499,62937
793,Bossier City,LA,71112,62901
794,Richland,WA,99352,62753
795,Council Bluffs,IA,51503,62586
796,Marietta,GA,30090,62263
797,Bozeman,MT,59718,62258
798,Wellington,FL,33449,62146
799,Pontiac,MI,48342,62104
800,Taylor,MI,48180,62081
801,La Habra,CA,90631,61970
802,Jupiter,FL,33477,61883
803,Woodland,CA,95776,61854
804,Parker,CO,80138,61783
805,Dearborn Heights,MI,48127,61771
806,Chapel Hill,NC,27599,61607
807,Palm Harbor,FL,34684,61512
808,Springfield,OR,97477,61499
809,Encinitas,CA,92007,61480
810,Bristol,CT,06010,61462
811,Shoreline,WA,98155,61431
812,Montebello,CA,90640,61045
813,Palm Beach Gardens,FL,33418,60959
814,Casa Grande,AZ,85194,60905
815,La Mesa,CA,91941,60797
816,Florence-Graham,CA,90001,60690
817,White Plains,NY,10603,60666
818,Meriden,CT,06450,60545
819,Stonecrest,GA,30038,60501
820,San Rafael,CA,94901,60433
821,Taunton,MA,02780,60433
822,Euless,TX,76040,60421
823,North Miami,FL,33167,60344
824,Wylie,TX,75098,60334
825,Pico Rivera,CA,90660,60272
826,Madison,AL,35756,60106
827,Revere,MA,02151,60012
828,Blue Springs,MO,64014,59965
829,West Allis,WI,53219,59612
830,Gardena,CA,90249,59422
831,Medford,MA,02155,59354
832,Herriman,UT,84096,59346
833,Santee,CA,92071,59332
834,Petaluma,CA,94954,59247
835,Margate,FL,33068,59198
836,Des Plaines,IL,60018,59156
837,Monterey Park,CA,91755,59132
838,Kokomo,IN,46902,59122
839,St. Peters,MO,63376,59092
840,National City,CA,92136,58893
841,The Hammocks,FL,33196,58838
842,Towson,MD,21210,58679
843,Taylorsville,UT,84123,58678
844,Hoboken,NJ,07030,58668
845,Cupertino,CA,95014,58566
846,Severn,MD,21144,58402
847,Carson City,NV,89701,58384
848,Lenexa,KS,66214,58384
849,Lake Havasu City,AZ,86403,58359
850,Coconut Creek,FL,33073,58330
851,Midwest City,OK,73110,58297
852,Bentonville,AR,72713,58249
853,Apopka,FL,32712,58232
854,St. Clair Shores,MI,48081,58140
855,Bel Air South,MD,21009,58137
856,Royal Oak,MI,48067,57950
857,Bowie,MD,20720,57926
858,Orland Park,IL,60467,57916
859,Kannapolis,NC,28027,57890
860,Brookhaven,GA,30329,57855
861,Lacey,WA,98513,57737
862,Decatur,AL,35603,57361
863,Kettering,OH,45440,57206
864,Bradenton,FL,34208,57014
865,Sarasota,FL,34232,56970
866,Marana,AZ,85653,56938
867,Bartlett,TN,38002,56876
868,Oak Lawn,IL,60453,56861
869,Kyle,TX,78666,56823
870,Smyrna,TN,37167,56692
871,Highland,CA,92359,56675
872,Smyrna,GA,30126,56633
873,New Brunswick,NJ,08901,56345
874,Beaumont,CA,92223,56266
875,Fountain Valley,CA,92708,56258
876,Southaven,MS,38671,56226
877,DeSoto,TX,75115,56211
878,Tigard,OR,97224,56011
879,Perth Amboy,NJ,08861,55855
880,Apple Valley,MN,55124,55679
881,Fountainebleau,FL,33172,55665
882,South Whittier,CA,90604,55650
883,Berwyn,IL,60402,55595
884,Mount Prospect,IL,60056,55472
885,Texas City,TX,77591,55364
886,West Haven,CT,06516,55351
887,Chicopee,MA,01020,55295
888,Plainfield,NJ,07062,55236
889,San Jacinto,CA,92583,55180
890,Arcadia,CA,91006,55170
891,West Sacramento,CA,95605,54927
892,Tinley Park,IL,60477,54842
893,Little Elm,TX,75068,54820
894,Peabody,MA,01960,54695
895,Westfield,IN,46033,54677
896,Yucaipa,CA,92399,54421
897,Rocky Mount,NC,27803,54297
898,Kentwood,MI,49512,54296
899,Hacienda Heights,CA,91745,54291
900,Manhattan,KS,66506,54239
901,Twin Falls,ID,83301,54164
902,Colton,CA,92324,53772
903,Normal,IL,61761,53569
904,Pinellas Park,FL,33781,53560
905,Wheaton,IL,60187,53557
906,Diamond Bar,CA,91789,53355
907,Oak Park,IL,60301,53292
908,Eagle Mountain,UT,84013,53290
909,Aspen Hill,MD,20853,53279
910,Edina,MN,55424,53262
911,Huntington Park,CA,90255,53108
912,Minnetonka,MN,55345,53064
913,Elyria,OH,44035,53035
914,Lincoln,CA,95648,52956
915,Wheaton,MD,20906,52926
916,Burleson,TX,76028,52918
917,Grand Island,NE,68803,52884
918,Wake Forest,NC,27587,52844
919,Placentia,CA,92870,52826
920,Kendale Lakes,FL,33175,52622
921,Catalina Foothills,AZ,85750,52593
922,Novato,CA,94949,52546
923,Aloha,OR,97078,52389
924,Mooresville,NC,28117,52381
925,Cathedral City,CA,92276,52267
926,Paramount,CA,90723,52050
927,Westchester,FL,33174,52032
928,West New York,NJ,07093,52004
929,Palm Desert,CA,92260,51990
930,Levittown,NY,11714,51904
931,Columbus,IN,47203,51824
932,Florissant,MO,63033,51773
933,Dunwoody,GA,30338,51758
934,Delano,CA,93215,51679
935,Summerville,SC,29485,51654
936,Collierville,TN,38017,51515
937,Burien,WA,98146,51513
938,East Honolulu,HI,96821,51360
939,Country Club,FL,33015,51296
940,Hoffman Estates,IL,60192,51175
941,Rockwall,TX,75032,51168
942,Grapevine,TX,75261,51139
943,Aliso Viejo,CA,92656,51113
944,Jeffersonville,IN,47130,51043
945,Troy,NY,12182,51033
946,El Dorado Hills,CA,95762,51026
947,Milford city,CT,06461,51023
948,Mishawaka,IN,46544,51021
949,Levittown,PA,19054,50926
950,Glendora,CA,91740,50926
951,Cuyahoga Falls,OH,44221,50909
952,Enid,OK,73701,50653
953,Hilo,HI,96720,50404
954,Draper,UT,84020,50278
955,Florin,CA,95823,50211
956,Murray,UT,84117,50188
957,Downers Grove,IL,60515,50054
958,Everett,MA,02149,50045
959,Rosemead,CA,91770,50013
960,Lakewood,OH,44107,50007
961,Covina,CA,91724,49888
962,Coral Gables,FL,33146,49802
963,Tamiami,FL,33175,49752
964,North Bethesda,MD,20895,49677
965,McLean,VA,22046,49627
966,Bothell,WA,98021,49610
967,St. Louis Park,MN,55426,49594
968,Chesterfield,MO,63017,49574
969,Lawrence,IN,46216,49517
970,Cypress,CA,90630,49498
971,Titusville,FL,32796,49385
972,Ceres,CA,95358,49342
973,Dublin,OH,43017,49294
974,Stillwater,OK,74078,49269
975,Portage,MI,49002,49259
976,Tuckahoe,VA,23229,49183
977,Leesburg,VA,20175,49171
978,Bedford,TX,76022,49085
979,Fort Pierce,FL,34949,49082
980,Ocoee,FL,34761,49033
981,Azusa,CA,91702,49031
982,Cedar Hill,TX,75104,48879
983,Biloxi,MS,39531,48861
984,Euclid,OH,44132,48823
985,Poway,CA,92064,48713
986,Gallatin,TN,37066,48532
987,Wauwatosa,WI,53213,48529
988,San Luis Obispo,CA,93401,48491
989,Saratoga Springs,UT,84045,48425
990,Wilson,NC,27896,48370
991,Antelope,CA,95843,48301
992,Oro Valley,AZ,85755,48162
993,University,FL,33549,48127
994,Goose Creek,SC,29486,48078
995,Niagara Falls,NY,14303,47987
996,Middletown,CT,06457,47958
997,North Highlands,CA,95660,47957
998,Winter Garden,FL,34787,47872
999,Cerritos,CA,90703,47867
1000,Huntsville,TX,77341,47864